{
  "extensionModelLoaderDescriptor": {
    "id": "java",
    "attributes": {
      "type": "org.mule.extension.s3.internal.extension.S3Connector",
      "version": "6.3.8"
    }
  },
  "license": {
    "allowsEvaluation": true
  },
  "name": "Amazon S3",
  "requiredProduct": "MULE_EE",
  "classLoaderModelLoaderDescriptor": {
    "id": "mule",
    "attributes": {
      "privilegedExportedPackages": [],
      "privilegedArtifactIds": [],
      "exportedPackages": [
        "org.mule.extension.s3.api.model",
        "org.mule.extension.s3.api.enums",
        "org.mule.extension.s3.api.connection",
        "org.mule.extension.s3.api.response"
      ],
      "exportedResources": []
    }
  },
  "bundleDescriptorLoader": {
    "id": "mule",
    "attributes": {}
  },
  "minMuleVersion": "4.3.0"
}